<?xml version="1.0" encoding="utf-8"?>
<main xmlns:tns="FIFADataTransferFormatEPTSNamespace/FIFADataTransferFormatEPTS" xmlns:xsi="http://www.w3.org/2001/XMLSchema-instance" xsi:schemaLocation="FIFADataTransferFormatEPTSNamespace/FIFADataTransferFormatEPTS FIFADataTransferFormatEPTS.xsd">
  <Metadata>
    <GlobalConfig>
      <FileDate>2020-05-08T12:38:28.766Z</FileDate>
      <FileName>game_DEMO_1002_FIFATMA_FIFATMB_MetadataFifaFormat</FileName>
      <TrackingType>Optical</TrackingType>
      <ProviderName>Metrica Sports</ProviderName>
      <FrameRate>25</FrameRate>
      <ProviderGlobalParameters>
        <ProviderParameter>
          <Name>first_half_start</Name>
          <Value>1</Value>
        </ProviderParameter>
        <ProviderParameter>
          <Name>first_half_end</Name>
          <Value>69661</Value>
        </ProviderParameter>
        <ProviderParameter>
          <Name>second_half_start</Name>
          <Value>69662</Value>
        </ProviderParameter>
        <ProviderParameter>
          <Name>second_half_end</Name>
          <Value>143761</Value>
        </ProviderParameter>
        <ProviderParameter>
          <Name>first_extra_half_start</Name>
          <Value/>
        </ProviderParameter>
        <ProviderParameter>
          <Name>first_extra_half_end</Name>
          <Value/>
        </ProviderParameter>
        <ProviderParameter>
          <Name>second_extra_half_start</Name>
          <Value/>
        </ProviderParameter>
        <ProviderParameter>
          <Name>second_extra_half_end</Name>
          <Value/>
        </ProviderParameter>
      </ProviderGlobalParameters>
    </GlobalConfig>
    <Sessions>
      <Session id="session1">
        <SessionType>Match</SessionType>
        <Start>2019-02-21T03:30:07.000Z</Start>
        <MatchParameters>
          <Score idLocalTeam="FIFATMA" idVisitingTeam="FIFATMB">
            <LocalTeamScore>0</LocalTeamScore>
            <VisitingTeamScore>2</VisitingTeamScore>
          </Score>
        </MatchParameters>
        <FieldSize>
          <Width>105</Width>
          <Height>68</Height>
        </FieldSize>
        <Competition id="DEMO">Demo</Competition>
        <ProviderSessionParameters>
          <ProviderParameter>
            <Name>matchday</Name>
            <Value/>
          </ProviderParameter>
        </ProviderSessionParameters>
      </Session>
    </Sessions>
    <Teams>
      <Team id="FIFATMA">
        <Name>Team A</Name>
        <ProviderTeamsParameters>
          <ProviderParameter>
            <Name>attack_direction_first_half</Name>
            <Value>right_to_left</Value>
          </ProviderParameter>
        </ProviderTeamsParameters>
      </Team>
      <Team id="FIFATMB">
        <Name>Team B</Name>
        <ProviderTeamsParameters>
          <ProviderParameter>
            <Name>attack_direction_first_half</Name>
            <Value>left_to_right</Value>
          </ProviderParameter>
        </ProviderTeamsParameters>
      </Team>
    </Teams>
    <Players>
      <Player id="P3578" teamId="FIFATMA">
        <Name>Player 11</Name>
        <ShirtNumber>11</ShirtNumber>
        <ProviderPlayerParameters>
          <ProviderParameter>
            <Name>position_type</Name>
            <Value>Goalkeeper</Value>
          </ProviderParameter>
          <ProviderParameter>
            <Name>position_index</Name>
            <Value>0</Value>
          </ProviderParameter>
          <ProviderParameter>
            <Name>position_x</Name>
            <Value>0.02</Value>
          </ProviderParameter>
          <ProviderParameter>
            <Name>position_y</Name>
            <Value>0.5</Value>
          </ProviderParameter>
        </ProviderPlayerParameters>
      </Player>
      <Player id="P3568" teamId="FIFATMA">
        <Name>Player 1</Name>
        <ShirtNumber>1</ShirtNumber>
        <ProviderPlayerParameters>
          <ProviderParameter>
            <Name>position_type</Name>
            <Value>Right Back</Value>
          </ProviderParameter>
          <ProviderParameter>
            <Name>position_index</Name>
            <Value>1</Value>
          </ProviderParameter>
          <ProviderParameter>
            <Name>position_x</Name>
            <Value>0.11</Value>
          </ProviderParameter>
          <ProviderParameter>
            <Name>position_y</Name>
            <Value>0.9</Value>
          </ProviderParameter>
        </ProviderPlayerParameters>
      </Player>
      <Player id="P3569" teamId="FIFATMA">
        <Name>Player 2</Name>
        <ShirtNumber>2</ShirtNumber>
        <ProviderPlayerParameters>
          <ProviderParameter>
            <Name>position_type</Name>
            <Value>Right Center Back (4)</Value>
          </ProviderParameter>
          <ProviderParameter>
            <Name>position_index</Name>
            <Value>1</Value>
          </ProviderParameter>
          <ProviderParameter>
            <Name>position_x</Name>
            <Value>0.11</Value>
          </ProviderParameter>
          <ProviderParameter>
            <Name>position_y</Name>
            <Value>0.65</Value>
          </ProviderParameter>
        </ProviderPlayerParameters>
      </Player>
      <Player id="P3570" teamId="FIFATMA">
        <Name>Player 3</Name>
        <ShirtNumber>3</ShirtNumber>
        <ProviderPlayerParameters>
          <ProviderParameter>
            <Name>position_type</Name>
            <Value>Left Center Back (4)</Value>
          </ProviderParameter>
          <ProviderParameter>
            <Name>position_index</Name>
            <Value>1</Value>
          </ProviderParameter>
          <ProviderParameter>
            <Name>position_x</Name>
            <Value>0.11</Value>
          </ProviderParameter>
          <ProviderParameter>
            <Name>position_y</Name>
            <Value>0.35</Value>
          </ProviderParameter>
        </ProviderPlayerParameters>
      </Player>
      <Player id="P3571" teamId="FIFATMA">
        <Name>Player 4</Name>
        <ShirtNumber>4</ShirtNumber>
        <ProviderPlayerParameters>
          <ProviderParameter>
            <Name>position_type</Name>
            <Value>Left Back</Value>
          </ProviderParameter>
          <ProviderParameter>
            <Name>position_index</Name>
            <Value>1</Value>
          </ProviderParameter>
          <ProviderParameter>
            <Name>position_x</Name>
            <Value>0.11</Value>
          </ProviderParameter>
          <ProviderParameter>
            <Name>position_y</Name>
            <Value>0.1</Value>
          </ProviderParameter>
        </ProviderPlayerParameters>
      </Player>
      <Player id="P3572" teamId="FIFATMA">
        <Name>Player 5</Name>
        <ShirtNumber>5</ShirtNumber>
        <ProviderPlayerParameters>
          <ProviderParameter>
            <Name>position_type</Name>
            <Value>Attacking Right Midfielder (4,5)</Value>
          </ProviderParameter>
          <ProviderParameter>
            <Name>position_index</Name>
            <Value>2</Value>
          </ProviderParameter>
          <ProviderParameter>
            <Name>position_x</Name>
            <Value>0.29</Value>
          </ProviderParameter>
          <ProviderParameter>
            <Name>position_y</Name>
            <Value>0.9</Value>
          </ProviderParameter>
        </ProviderPlayerParameters>
      </Player>
      <Player id="P3573" teamId="FIFATMA">
        <Name>Player 6</Name>
        <ShirtNumber>6</ShirtNumber>
        <ProviderPlayerParameters>
          <ProviderParameter>
            <Name>position_type</Name>
            <Value>Defensive Right Center Midfielder (5)</Value>
          </ProviderParameter>
          <ProviderParameter>
            <Name>position_index</Name>
            <Value>2</Value>
          </ProviderParameter>
          <ProviderParameter>
            <Name>position_x</Name>
            <Value>0.21</Value>
          </ProviderParameter>
          <ProviderParameter>
            <Name>position_y</Name>
            <Value>0.7</Value>
          </ProviderParameter>
        </ProviderPlayerParameters>
      </Player>
      <Player id="P3574" teamId="FIFATMA">
        <Name>Player 7</Name>
        <ShirtNumber>7</ShirtNumber>
        <ProviderPlayerParameters>
          <ProviderParameter>
            <Name>position_type</Name>
            <Value>Attacking Center Midfielder</Value>
          </ProviderParameter>
          <ProviderParameter>
            <Name>position_index</Name>
            <Value>2</Value>
          </ProviderParameter>
          <ProviderParameter>
            <Name>position_x</Name>
            <Value>0.29</Value>
          </ProviderParameter>
          <ProviderParameter>
            <Name>position_y</Name>
            <Value>0.5</Value>
          </ProviderParameter>
        </ProviderPlayerParameters>
      </Player>
      <Player id="P3575" teamId="FIFATMA">
        <Name>Player 8</Name>
        <ShirtNumber>8</ShirtNumber>
        <ProviderPlayerParameters>
          <ProviderParameter>
            <Name>position_type</Name>
            <Value>Defensive Left Center Midfielder (5)</Value>
          </ProviderParameter>
          <ProviderParameter>
            <Name>position_index</Name>
            <Value>2</Value>
          </ProviderParameter>
          <ProviderParameter>
            <Name>position_x</Name>
            <Value>0.21</Value>
          </ProviderParameter>
          <ProviderParameter>
            <Name>position_y</Name>
            <Value>0.3</Value>
          </ProviderParameter>
        </ProviderPlayerParameters>
      </Player>
      <Player id="P3576" teamId="FIFATMA">
        <Name>Player 9</Name>
        <ShirtNumber>9</ShirtNumber>
        <ProviderPlayerParameters>
          <ProviderParameter>
            <Name>position_type</Name>
            <Value>Attacking Left Midfielder (4,5)</Value>
          </ProviderParameter>
          <ProviderParameter>
            <Name>position_index</Name>
            <Value>2</Value>
          </ProviderParameter>
          <ProviderParameter>
            <Name>position_x</Name>
            <Value>0.29</Value>
          </ProviderParameter>
          <ProviderParameter>
            <Name>position_y</Name>
            <Value>0.1</Value>
          </ProviderParameter>
        </ProviderPlayerParameters>
      </Player>
      <Player id="P3577" teamId="FIFATMA">
        <Name>Player 10</Name>
        <ShirtNumber>10</ShirtNumber>
        <ProviderPlayerParameters>
          <ProviderParameter>
            <Name>position_type</Name>
            <Value>Center Forward</Value>
          </ProviderParameter>
          <ProviderParameter>
            <Name>position_index</Name>
            <Value>3</Value>
          </ProviderParameter>
          <ProviderParameter>
            <Name>position_x</Name>
            <Value>0.39</Value>
          </ProviderParameter>
          <ProviderParameter>
            <Name>position_y</Name>
            <Value>0.5</Value>
          </ProviderParameter>
        </ProviderPlayerParameters>
      </Player>
      <Player id="P3579" teamId="FIFATMA">
        <Name>Player 12</Name>
        <ShirtNumber>12</ShirtNumber>
        <ProviderPlayerParameters>
          <ProviderParameter>
            <Name>position_type</Name>
            <Value>Right Center Back (4)</Value>
          </ProviderParameter>
          <ProviderParameter>
            <Name>position_index</Name>
            <Value>1</Value>
          </ProviderParameter>
          <ProviderParameter>
            <Name>position_x</Name>
            <Value>0.11</Value>
          </ProviderParameter>
          <ProviderParameter>
            <Name>position_y</Name>
            <Value>0.65</Value>
          </ProviderParameter>
        </ProviderPlayerParameters>
      </Player>
      <Player id="P3580" teamId="FIFATMA">
        <Name>Player 13</Name>
        <ShirtNumber>13</ShirtNumber>
        <ProviderPlayerParameters>
          <ProviderParameter>
            <Name>position_type</Name>
            <Value>Defensive Right Center Midfielder (5)</Value>
          </ProviderParameter>
          <ProviderParameter>
            <Name>position_index</Name>
            <Value>2</Value>
          </ProviderParameter>
          <ProviderParameter>
            <Name>position_x</Name>
            <Value>0.21</Value>
          </ProviderParameter>
          <ProviderParameter>
            <Name>position_y</Name>
            <Value>0.7</Value>
          </ProviderParameter>
        </ProviderPlayerParameters>
      </Player>
      <Player id="P3581" teamId="FIFATMA">
        <Name>Player 14</Name>
        <ShirtNumber>14</ShirtNumber>
        <ProviderPlayerParameters>
          <ProviderParameter>
            <Name>position_type</Name>
            <Value>Attacking Left Midfielder (4,5)</Value>
          </ProviderParameter>
          <ProviderParameter>
            <Name>position_index</Name>
            <Value>2</Value>
          </ProviderParameter>
          <ProviderParameter>
            <Name>position_x</Name>
            <Value>0.29</Value>
          </ProviderParameter>
          <ProviderParameter>
            <Name>position_y</Name>
            <Value>0.1</Value>
          </ProviderParameter>
        </ProviderPlayerParameters>
      </Player>
      <Player id="P3582" teamId="FIFATMA">
        <Name>Player 15</Name>
        <ShirtNumber>15</ShirtNumber>
        <ProviderPlayerParameters>
          <ProviderParameter>
            <Name>position_type</Name>
            <Value>Left Back</Value>
          </ProviderParameter>
          <ProviderParameter>
            <Name>position_index</Name>
            <Value>1</Value>
          </ProviderParameter>
          <ProviderParameter>
            <Name>position_x</Name>
            <Value>0.11</Value>
          </ProviderParameter>
          <ProviderParameter>
            <Name>position_y</Name>
            <Value>0.1</Value>
          </ProviderParameter>
        </ProviderPlayerParameters>
      </Player>
      <Player id="P3583" teamId="FIFATMA">
        <Name>Player 16</Name>
        <ShirtNumber>16</ShirtNumber>
        <ProviderPlayerParameters>
          <ProviderParameter>
            <Name>position_type</Name>
            <Value>Attacking Center Midfielder</Value>
          </ProviderParameter>
          <ProviderParameter>
            <Name>position_index</Name>
            <Value>2</Value>
          </ProviderParameter>
          <ProviderParameter>
            <Name>position_x</Name>
            <Value>0.29</Value>
          </ProviderParameter>
          <ProviderParameter>
            <Name>position_y</Name>
            <Value>0.5</Value>
          </ProviderParameter>
        </ProviderPlayerParameters>
      </Player>
      <Player id="P3584" teamId="FIFATMA">
        <Name>Player 17</Name>
        <ShirtNumber>17</ShirtNumber>
        <ProviderPlayerParameters>
          <ProviderParameter>
            <Name>position_type</Name>
            <Value>Right Back</Value>
          </ProviderParameter>
          <ProviderParameter>
            <Name>position_index</Name>
            <Value>1</Value>
          </ProviderParameter>
          <ProviderParameter>
            <Name>position_x</Name>
            <Value>0.11</Value>
          </ProviderParameter>
          <ProviderParameter>
            <Name>position_y</Name>
            <Value>0.9</Value>
          </ProviderParameter>
        </ProviderPlayerParameters>
      </Player>
      <Player id="P3595" teamId="FIFATMB">
        <Name>Player 28</Name>
        <ShirtNumber>28</ShirtNumber>
        <ProviderPlayerParameters>
          <ProviderParameter>
            <Name>position_type</Name>
            <Value>Goalkeeper</Value>
          </ProviderParameter>
          <ProviderParameter>
            <Name>position_index</Name>
            <Value>0</Value>
          </ProviderParameter>
          <ProviderParameter>
            <Name>position_x</Name>
            <Value>0.02</Value>
          </ProviderParameter>
          <ProviderParameter>
            <Name>position_y</Name>
            <Value>0.5</Value>
          </ProviderParameter>
        </ProviderPlayerParameters>
      </Player>
      <Player id="P3585" teamId="FIFATMB">
        <Name>Player 18</Name>
        <ShirtNumber>18</ShirtNumber>
        <ProviderPlayerParameters>
          <ProviderParameter>
            <Name>position_type</Name>
            <Value>Right Back</Value>
          </ProviderParameter>
          <ProviderParameter>
            <Name>position_index</Name>
            <Value>1</Value>
          </ProviderParameter>
          <ProviderParameter>
            <Name>position_x</Name>
            <Value>0.11</Value>
          </ProviderParameter>
          <ProviderParameter>
            <Name>position_y</Name>
            <Value>0.9</Value>
          </ProviderParameter>
        </ProviderPlayerParameters>
      </Player>
      <Player id="P3586" teamId="FIFATMB">
        <Name>Player 19</Name>
        <ShirtNumber>19</ShirtNumber>
        <ProviderPlayerParameters>
          <ProviderParameter>
            <Name>position_type</Name>
            <Value>Right Center Back (4)</Value>
          </ProviderParameter>
          <ProviderParameter>
            <Name>position_index</Name>
            <Value>1</Value>
          </ProviderParameter>
          <ProviderParameter>
            <Name>position_x</Name>
            <Value>0.11</Value>
          </ProviderParameter>
          <ProviderParameter>
            <Name>position_y</Name>
            <Value>0.65</Value>
          </ProviderParameter>
        </ProviderPlayerParameters>
      </Player>
      <Player id="P3587" teamId="FIFATMB">
        <Name>Player 20</Name>
        <ShirtNumber>20</ShirtNumber>
        <ProviderPlayerParameters>
          <ProviderParameter>
            <Name>position_type</Name>
            <Value>Left Center Back (4)</Value>
          </ProviderParameter>
          <ProviderParameter>
            <Name>position_index</Name>
            <Value>1</Value>
          </ProviderParameter>
          <ProviderParameter>
            <Name>position_x</Name>
            <Value>0.11</Value>
          </ProviderParameter>
          <ProviderParameter>
            <Name>position_y</Name>
            <Value>0.35</Value>
          </ProviderParameter>
        </ProviderPlayerParameters>
      </Player>
      <Player id="P3588" teamId="FIFATMB">
        <Name>Player 21</Name>
        <ShirtNumber>21</ShirtNumber>
        <ProviderPlayerParameters>
          <ProviderParameter>
            <Name>position_type</Name>
            <Value>Left Back</Value>
          </ProviderParameter>
          <ProviderParameter>
            <Name>position_index</Name>
            <Value>1</Value>
          </ProviderParameter>
          <ProviderParameter>
            <Name>position_x</Name>
            <Value>0.11</Value>
          </ProviderParameter>
          <ProviderParameter>
            <Name>position_y</Name>
            <Value>0.1</Value>
          </ProviderParameter>
        </ProviderPlayerParameters>
      </Player>
      <Player id="P3589" teamId="FIFATMB">
        <Name>Player 22</Name>
        <ShirtNumber>22</ShirtNumber>
        <ProviderPlayerParameters>
          <ProviderParameter>
            <Name>position_type</Name>
            <Value>Right Midfielder (4,5)</Value>
          </ProviderParameter>
          <ProviderParameter>
            <Name>position_index</Name>
            <Value>2</Value>
          </ProviderParameter>
          <ProviderParameter>
            <Name>position_x</Name>
            <Value>0.25</Value>
          </ProviderParameter>
          <ProviderParameter>
            <Name>position_y</Name>
            <Value>0.9</Value>
          </ProviderParameter>
        </ProviderPlayerParameters>
      </Player>
      <Player id="P3590" teamId="FIFATMB">
        <Name>Player 23</Name>
        <ShirtNumber>23</ShirtNumber>
        <ProviderPlayerParameters>
          <ProviderParameter>
            <Name>position_type</Name>
            <Value>Right Center Midfielder (4)</Value>
          </ProviderParameter>
          <ProviderParameter>
            <Name>position_index</Name>
            <Value>2</Value>
          </ProviderParameter>
          <ProviderParameter>
            <Name>position_x</Name>
            <Value>0.25</Value>
          </ProviderParameter>
          <ProviderParameter>
            <Name>position_y</Name>
            <Value>0.65</Value>
          </ProviderParameter>
        </ProviderPlayerParameters>
      </Player>
      <Player id="P3591" teamId="FIFATMB">
        <Name>Player 24</Name>
        <ShirtNumber>24</ShirtNumber>
        <ProviderPlayerParameters>
          <ProviderParameter>
            <Name>position_type</Name>
            <Value>Left Center Midfielder (4)</Value>
          </ProviderParameter>
          <ProviderParameter>
            <Name>position_index</Name>
            <Value>2</Value>
          </ProviderParameter>
          <ProviderParameter>
            <Name>position_x</Name>
            <Value>0.25</Value>
          </ProviderParameter>
          <ProviderParameter>
            <Name>position_y</Name>
            <Value>0.35</Value>
          </ProviderParameter>
        </ProviderPlayerParameters>
      </Player>
      <Player id="P3592" teamId="FIFATMB">
        <Name>Player 25</Name>
        <ShirtNumber>25</ShirtNumber>
        <ProviderPlayerParameters>
          <ProviderParameter>
            <Name>position_type</Name>
            <Value>Left Midfielder (4,5)</Value>
          </ProviderParameter>
          <ProviderParameter>
            <Name>position_index</Name>
            <Value>2</Value>
          </ProviderParameter>
          <ProviderParameter>
            <Name>position_x</Name>
            <Value>0.25</Value>
          </ProviderParameter>
          <ProviderParameter>
            <Name>position_y</Name>
            <Value>0.1</Value>
          </ProviderParameter>
        </ProviderPlayerParameters>
      </Player>
      <Player id="P3593" teamId="FIFATMB">
        <Name>Player 26</Name>
        <ShirtNumber>26</ShirtNumber>
        <ProviderPlayerParameters>
          <ProviderParameter>
            <Name>position_type</Name>
            <Value>Right Forward (2)</Value>
          </ProviderParameter>
          <ProviderParameter>
            <Name>position_index</Name>
            <Value>3</Value>
          </ProviderParameter>
          <ProviderParameter>
            <Name>position_x</Name>
            <Value>0.39</Value>
          </ProviderParameter>
          <ProviderParameter>
            <Name>position_y</Name>
            <Value>0.65</Value>
          </ProviderParameter>
        </ProviderPlayerParameters>
      </Player>
      <Player id="P3594" teamId="FIFATMB">
        <Name>Player 27</Name>
        <ShirtNumber>27</ShirtNumber>
        <ProviderPlayerParameters>
          <ProviderParameter>
            <Name>position_type</Name>
            <Value>Left Forward (2)</Value>
          </ProviderParameter>
          <ProviderParameter>
            <Name>position_index</Name>
            <Value>3</Value>
          </ProviderParameter>
          <ProviderParameter>
            <Name>position_x</Name>
            <Value>0.39</Value>
          </ProviderParameter>
          <ProviderParameter>
            <Name>position_y</Name>
            <Value>0.35</Value>
          </ProviderParameter>
        </ProviderPlayerParameters>
      </Player>
      <Player id="P3596" teamId="FIFATMB">
        <Name>Player 29</Name>
        <ShirtNumber>29</ShirtNumber>
        <ProviderPlayerParameters>
          <ProviderParameter>
            <Name>position_type</Name>
            <Value>Right Back</Value>
          </ProviderParameter>
          <ProviderParameter>
            <Name>position_index</Name>
            <Value>1</Value>
          </ProviderParameter>
          <ProviderParameter>
            <Name>position_x</Name>
            <Value>0.11</Value>
          </ProviderParameter>
          <ProviderParameter>
            <Name>position_y</Name>
            <Value>0.9</Value>
          </ProviderParameter>
        </ProviderPlayerParameters>
      </Player>
      <Player id="P3597" teamId="FIFATMB">
        <Name>Player 30</Name>
        <ShirtNumber>30</ShirtNumber>
        <ProviderPlayerParameters>
          <ProviderParameter>
            <Name>position_type</Name>
            <Value>Right Center Midfielder (4)</Value>
          </ProviderParameter>
          <ProviderParameter>
            <Name>position_index</Name>
            <Value>2</Value>
          </ProviderParameter>
          <ProviderParameter>
            <Name>position_x</Name>
            <Value>0.25</Value>
          </ProviderParameter>
          <ProviderParameter>
            <Name>position_y</Name>
            <Value>0.65</Value>
          </ProviderParameter>
        </ProviderPlayerParameters>
      </Player>
      <Player id="P3696" teamId="FIFATMB">
        <Name>Player 31</Name>
        <ShirtNumber>31</ShirtNumber>
        <ProviderPlayerParameters>
          <ProviderParameter>
            <Name>position_type</Name>
            <Value>Left Midfielder (4,5)</Value>
          </ProviderParameter>
          <ProviderParameter>
            <Name>position_index</Name>
            <Value>2</Value>
          </ProviderParameter>
          <ProviderParameter>
            <Name>position_x</Name>
            <Value>0.25</Value>
          </ProviderParameter>
          <ProviderParameter>
            <Name>position_y</Name>
            <Value>0.1</Value>
          </ProviderParameter>
        </ProviderPlayerParameters>
      </Player>
      <Player id="P3697" teamId="FIFATMB">
        <Name>Player 32</Name>
        <ShirtNumber>32</ShirtNumber>
        <ProviderPlayerParameters>
          <ProviderParameter>
            <Name>position_type</Name>
            <Value>Right Forward (2)</Value>
          </ProviderParameter>
          <ProviderParameter>
            <Name>position_index</Name>
            <Value>3</Value>
          </ProviderParameter>
          <ProviderParameter>
            <Name>position_x</Name>
            <Value>0.39</Value>
          </ProviderParameter>
          <ProviderParameter>
            <Name>position_y</Name>
            <Value>0.65</Value>
          </ProviderParameter>
        </ProviderPlayerParameters>
      </Player>
      <Player id="P3698" teamId="FIFATMB">
        <Name>Player 33</Name>
        <ShirtNumber>33</ShirtNumber>
        <ProviderPlayerParameters>
          <ProviderParameter>
            <Name>position_type</Name>
            <Value>Right Center Back (4)</Value>
          </ProviderParameter>
          <ProviderParameter>
            <Name>position_index</Name>
            <Value>1</Value>
          </ProviderParameter>
          <ProviderParameter>
            <Name>position_x</Name>
            <Value>0.11</Value>
          </ProviderParameter>
          <ProviderParameter>
            <Name>position_y</Name>
            <Value>0.65</Value>
          </ProviderParameter>
        </ProviderPlayerParameters>
      </Player>
      <Player id="P3699" teamId="FIFATMB">
        <Name>Player 34</Name>
        <ShirtNumber>34</ShirtNumber>
        <ProviderPlayerParameters>
          <ProviderParameter>
            <Name>position_type</Name>
            <Value>Left Forward (2)</Value>
          </ProviderParameter>
          <ProviderParameter>
            <Name>position_index</Name>
            <Value>3</Value>
          </ProviderParameter>
          <ProviderParameter>
            <Name>position_x</Name>
            <Value>0.39</Value>
          </ProviderParameter>
          <ProviderParameter>
            <Name>position_y</Name>
            <Value>0.35</Value>
          </ProviderParameter>
        </ProviderPlayerParameters>
      </Player>
      <Player id="P3700" teamId="FIFATMB">
        <Name>Player 35</Name>
        <ShirtNumber>35</ShirtNumber>
        <ProviderPlayerParameters>
          <ProviderParameter>
            <Name>position_type</Name>
            <Value>Left Back</Value>
          </ProviderParameter>
          <ProviderParameter>
            <Name>position_index</Name>
            <Value>1</Value>
          </ProviderParameter>
          <ProviderParameter>
            <Name>position_x</Name>
            <Value>0.11</Value>
          </ProviderParameter>
          <ProviderParameter>
            <Name>position_y</Name>
            <Value>0.1</Value>
          </ProviderParameter>
        </ProviderPlayerParameters>
      </Player>
    </Players>
    <Devices>
      <Device id="device1">
        <Name>Device 1</Name>
        <Sensors>
          <Sensor id="position">
            <Name>Position</Name>
            <Channels>
              <Channel id="x">
                <Name>position_x</Name>
                <Unit>normalized</Unit>
              </Channel>
              <Channel id="y">
                <Name>position_y</Name>
                <Unit>normalized</Unit>
              </Channel>
            </Channels>
          </Sensor>
        </Sensors>
      </Device>
    </Devices>
    <PlayerChannels>
      <PlayerChannel channelId="x" id="player1_x" playerId="P3578"/>
      <PlayerChannel channelId="y" id="player1_y" playerId="P3578"/>
      <PlayerChannel channelId="x" id="player2_x" playerId="P3568"/>
      <PlayerChannel channelId="y" id="player2_y" playerId="P3568"/>
      <PlayerChannel channelId="x" id="player3_x" playerId="P3569"/>
      <PlayerChannel channelId="y" id="player3_y" playerId="P3569"/>
      <PlayerChannel channelId="x" id="player4_x" playerId="P3570"/>
      <PlayerChannel channelId="y" id="player4_y" playerId="P3570"/>
      <PlayerChannel channelId="x" id="player5_x" playerId="P3571"/>
      <PlayerChannel channelId="y" id="player5_y" playerId="P3571"/>
      <PlayerChannel channelId="x" id="player6_x" playerId="P3572"/>
      <PlayerChannel channelId="y" id="player6_y" playerId="P3572"/>
      <PlayerChannel channelId="x" id="player7_x" playerId="P3573"/>
      <PlayerChannel channelId="y" id="player7_y" playerId="P3573"/>
      <PlayerChannel channelId="x" id="player8_x" playerId="P3574"/>
      <PlayerChannel channelId="y" id="player8_y" playerId="P3574"/>
      <PlayerChannel channelId="x" id="player9_x" playerId="P3575"/>
      <PlayerChannel channelId="y" id="player9_y" playerId="P3575"/>
      <PlayerChannel channelId="x" id="player10_x" playerId="P3576"/>
      <PlayerChannel channelId="y" id="player10_y" playerId="P3576"/>
      <PlayerChannel channelId="x" id="player11_x" playerId="P3577"/>
      <PlayerChannel channelId="y" id="player11_y" playerId="P3577"/>
      <PlayerChannel channelId="x" id="player12_x" playerId="P3579"/>
      <PlayerChannel channelId="y" id="player12_y" playerId="P3579"/>
      <PlayerChannel channelId="x" id="player13_x" playerId="P3580"/>
      <PlayerChannel channelId="y" id="player13_y" playerId="P3580"/>
      <PlayerChannel channelId="x" id="player14_x" playerId="P3581"/>
      <PlayerChannel channelId="y" id="player14_y" playerId="P3581"/>
      <PlayerChannel channelId="x" id="player15_x" playerId="P3582"/>
      <PlayerChannel channelId="y" id="player15_y" playerId="P3582"/>
      <PlayerChannel channelId="x" id="player16_x" playerId="P3583"/>
      <PlayerChannel channelId="y" id="player16_y" playerId="P3583"/>
      <PlayerChannel channelId="x" id="player17_x" playerId="P3584"/>
      <PlayerChannel channelId="y" id="player17_y" playerId="P3584"/>
      <PlayerChannel channelId="x" id="player18_x" playerId="P3595"/>
      <PlayerChannel channelId="y" id="player18_y" playerId="P3595"/>
      <PlayerChannel channelId="x" id="player19_x" playerId="P3585"/>
      <PlayerChannel channelId="y" id="player19_y" playerId="P3585"/>
      <PlayerChannel channelId="x" id="player20_x" playerId="P3586"/>
      <PlayerChannel channelId="y" id="player20_y" playerId="P3586"/>
      <PlayerChannel channelId="x" id="player21_x" playerId="P3587"/>
      <PlayerChannel channelId="y" id="player21_y" playerId="P3587"/>
      <PlayerChannel channelId="x" id="player22_x" playerId="P3588"/>
      <PlayerChannel channelId="y" id="player22_y" playerId="P3588"/>
      <PlayerChannel channelId="x" id="player23_x" playerId="P3589"/>
      <PlayerChannel channelId="y" id="player23_y" playerId="P3589"/>
      <PlayerChannel channelId="x" id="player24_x" playerId="P3590"/>
      <PlayerChannel channelId="y" id="player24_y" playerId="P3590"/>
      <PlayerChannel channelId="x" id="player25_x" playerId="P3591"/>
      <PlayerChannel channelId="y" id="player25_y" playerId="P3591"/>
      <PlayerChannel channelId="x" id="player26_x" playerId="P3592"/>
      <PlayerChannel channelId="y" id="player26_y" playerId="P3592"/>
      <PlayerChannel channelId="x" id="player27_x" playerId="P3593"/>
      <PlayerChannel channelId="y" id="player27_y" playerId="P3593"/>
      <PlayerChannel channelId="x" id="player28_x" playerId="P3594"/>
      <PlayerChannel channelId="y" id="player28_y" playerId="P3594"/>
      <PlayerChannel channelId="x" id="player29_x" playerId="P3596"/>
      <PlayerChannel channelId="y" id="player29_y" playerId="P3596"/>
      <PlayerChannel channelId="x" id="player30_x" playerId="P3597"/>
      <PlayerChannel channelId="y" id="player30_y" playerId="P3597"/>
      <PlayerChannel channelId="x" id="player31_x" playerId="P3696"/>
      <PlayerChannel channelId="y" id="player31_y" playerId="P3696"/>
      <PlayerChannel channelId="x" id="player32_x" playerId="P3697"/>
      <PlayerChannel channelId="y" id="player32_y" playerId="P3697"/>
      <PlayerChannel channelId="x" id="player33_x" playerId="P3698"/>
      <PlayerChannel channelId="y" id="player33_y" playerId="P3698"/>
      <PlayerChannel channelId="x" id="player34_x" playerId="P3699"/>
      <PlayerChannel channelId="y" id="player34_y" playerId="P3699"/>
      <PlayerChannel channelId="x" id="player35_x" playerId="P3700"/>
      <PlayerChannel channelId="y" id="player35_y" playerId="P3700"/>
    </PlayerChannels>
  </Metadata>
  <DataFormatSpecifications>
    <DataFormatSpecification endFrame="69661" separator=":" startFrame="1">
      <StringRegister name="frameCount"/>
      <SplitRegister separator=";">
        <SplitRegister separator=",">
          <PlayerChannelRef playerChannelId="player1_x"/>
          <PlayerChannelRef playerChannelId="player1_y"/>
        </SplitRegister>
        <SplitRegister separator=",">
          <PlayerChannelRef playerChannelId="player2_x"/>
          <PlayerChannelRef playerChannelId="player2_y"/>
        </SplitRegister>
        <SplitRegister separator=",">
          <PlayerChannelRef playerChannelId="player3_x"/>
          <PlayerChannelRef playerChannelId="player3_y"/>
        </SplitRegister>
        <SplitRegister separator=",">
          <PlayerChannelRef playerChannelId="player4_x"/>
          <PlayerChannelRef playerChannelId="player4_y"/>
        </SplitRegister>
        <SplitRegister separator=",">
          <PlayerChannelRef playerChannelId="player5_x"/>
          <PlayerChannelRef playerChannelId="player5_y"/>
        </SplitRegister>
        <SplitRegister separator=",">
          <PlayerChannelRef playerChannelId="player6_x"/>
          <PlayerChannelRef playerChannelId="player6_y"/>
        </SplitRegister>
        <SplitRegister separator=",">
          <PlayerChannelRef playerChannelId="player7_x"/>
          <PlayerChannelRef playerChannelId="player7_y"/>
        </SplitRegister>
        <SplitRegister separator=",">
          <PlayerChannelRef playerChannelId="player8_x"/>
          <PlayerChannelRef playerChannelId="player8_y"/>
        </SplitRegister>
        <SplitRegister separator=",">
          <PlayerChannelRef playerChannelId="player9_x"/>
          <PlayerChannelRef playerChannelId="player9_y"/>
        </SplitRegister>
        <SplitRegister separator=",">
          <PlayerChannelRef playerChannelId="player10_x"/>
          <PlayerChannelRef playerChannelId="player10_y"/>
        </SplitRegister>
        <SplitRegister separator=",">
          <PlayerChannelRef playerChannelId="player11_x"/>
          <PlayerChannelRef playerChannelId="player11_y"/>
        </SplitRegister>
        <SplitRegister separator=",">
          <PlayerChannelRef playerChannelId="player18_x"/>
          <PlayerChannelRef playerChannelId="player18_y"/>
        </SplitRegister>
        <SplitRegister separator=",">
          <PlayerChannelRef playerChannelId="player19_x"/>
          <PlayerChannelRef playerChannelId="player19_y"/>
        </SplitRegister>
        <SplitRegister separator=",">
          <PlayerChannelRef playerChannelId="player20_x"/>
          <PlayerChannelRef playerChannelId="player20_y"/>
        </SplitRegister>
        <SplitRegister separator=",">
          <PlayerChannelRef playerChannelId="player21_x"/>
          <PlayerChannelRef playerChannelId="player21_y"/>
        </SplitRegister>
        <SplitRegister separator=",">
          <PlayerChannelRef playerChannelId="player22_x"/>
          <PlayerChannelRef playerChannelId="player22_y"/>
        </SplitRegister>
        <SplitRegister separator=",">
          <PlayerChannelRef playerChannelId="player23_x"/>
          <PlayerChannelRef playerChannelId="player23_y"/>
        </SplitRegister>
        <SplitRegister separator=",">
          <PlayerChannelRef playerChannelId="player24_x"/>
          <PlayerChannelRef playerChannelId="player24_y"/>
        </SplitRegister>
        <SplitRegister separator=",">
          <PlayerChannelRef playerChannelId="player25_x"/>
          <PlayerChannelRef playerChannelId="player25_y"/>
        </SplitRegister>
        <SplitRegister separator=",">
          <PlayerChannelRef playerChannelId="player26_x"/>
          <PlayerChannelRef playerChannelId="player26_y"/>
        </SplitRegister>
        <SplitRegister separator=",">
          <PlayerChannelRef playerChannelId="player27_x"/>
          <PlayerChannelRef playerChannelId="player27_y"/>
        </SplitRegister>
        <SplitRegister separator=",">
          <PlayerChannelRef playerChannelId="player28_x"/>
          <PlayerChannelRef playerChannelId="player28_y"/>
        </SplitRegister>
      </SplitRegister>
      <SplitRegister separator=",">
        <BallChannelRef channelId="x"/>
        <BallChannelRef channelId="y"/>
      </SplitRegister>
    </DataFormatSpecification>
    <DataFormatSpecification endFrame="89697" separator=":" startFrame="69662">
      <StringRegister name="frameCount"/>
      <SplitRegister separator=";">
        <SplitRegister separator=",">
          <PlayerChannelRef playerChannelId="player1_x"/>
          <PlayerChannelRef playerChannelId="player1_y"/>
        </SplitRegister>
        <SplitRegister separator=",">
          <PlayerChannelRef playerChannelId="player2_x"/>
          <PlayerChannelRef playerChannelId="player2_y"/>
        </SplitRegister>
        <SplitRegister separator=",">
          <PlayerChannelRef playerChannelId="player12_x"/>
          <PlayerChannelRef playerChannelId="player12_y"/>
        </SplitRegister>
        <SplitRegister separator=",">
          <PlayerChannelRef playerChannelId="player4_x"/>
          <PlayerChannelRef playerChannelId="player4_y"/>
        </SplitRegister>
        <SplitRegister separator=",">
          <PlayerChannelRef playerChannelId="player5_x"/>
          <PlayerChannelRef playerChannelId="player5_y"/>
        </SplitRegister>
        <SplitRegister separator=",">
          <PlayerChannelRef playerChannelId="player6_x"/>
          <PlayerChannelRef playerChannelId="player6_y"/>
        </SplitRegister>
        <SplitRegister separator=",">
          <PlayerChannelRef playerChannelId="player7_x"/>
          <PlayerChannelRef playerChannelId="player7_y"/>
        </SplitRegister>
        <SplitRegister separator=",">
          <PlayerChannelRef playerChannelId="player8_x"/>
          <PlayerChannelRef playerChannelId="player8_y"/>
        </SplitRegister>
        <SplitRegister separator=",">
          <PlayerChannelRef playerChannelId="player13_x"/>
          <PlayerChannelRef playerChannelId="player13_y"/>
        </SplitRegister>
        <SplitRegister separator=",">
          <PlayerChannelRef playerChannelId="player10_x"/>
          <PlayerChannelRef playerChannelId="player10_y"/>
        </SplitRegister>
        <SplitRegister separator=",">
          <PlayerChannelRef playerChannelId="player11_x"/>
          <PlayerChannelRef playerChannelId="player11_y"/>
        </SplitRegister>
        <SplitRegister separator=",">
          <PlayerChannelRef playerChannelId="player18_x"/>
          <PlayerChannelRef playerChannelId="player18_y"/>
        </SplitRegister>
        <SplitRegister separator=",">
          <PlayerChannelRef playerChannelId="player29_x"/>
          <PlayerChannelRef playerChannelId="player29_y"/>
        </SplitRegister>
        <SplitRegister separator=",">
          <PlayerChannelRef playerChannelId="player20_x"/>
          <PlayerChannelRef playerChannelId="player20_y"/>
        </SplitRegister>
        <SplitRegister separator=",">
          <PlayerChannelRef playerChannelId="player21_x"/>
          <PlayerChannelRef playerChannelId="player21_y"/>
        </SplitRegister>
        <SplitRegister separator=",">
          <PlayerChannelRef playerChannelId="player22_x"/>
          <PlayerChannelRef playerChannelId="player22_y"/>
        </SplitRegister>
        <SplitRegister separator=",">
          <PlayerChannelRef playerChannelId="player23_x"/>
          <PlayerChannelRef playerChannelId="player23_y"/>
        </SplitRegister>
        <SplitRegister separator=",">
          <PlayerChannelRef playerChannelId="player24_x"/>
          <PlayerChannelRef playerChannelId="player24_y"/>
        </SplitRegister>
        <SplitRegister separator=",">
          <PlayerChannelRef playerChannelId="player25_x"/>
          <PlayerChannelRef playerChannelId="player25_y"/>
        </SplitRegister>
        <SplitRegister separator=",">
          <PlayerChannelRef playerChannelId="player26_x"/>
          <PlayerChannelRef playerChannelId="player26_y"/>
        </SplitRegister>
        <SplitRegister separator=",">
          <PlayerChannelRef playerChannelId="player27_x"/>
          <PlayerChannelRef playerChannelId="player27_y"/>
        </SplitRegister>
        <SplitRegister separator=",">
          <PlayerChannelRef playerChannelId="player28_x"/>
          <PlayerChannelRef playerChannelId="player28_y"/>
        </SplitRegister>
      </SplitRegister>
      <SplitRegister separator=",">
        <BallChannelRef channelId="x"/>
        <BallChannelRef channelId="y"/>
      </SplitRegister>
    </DataFormatSpecification>
    <DataFormatSpecification endFrame="93452" separator=":" startFrame="89698">
      <StringRegister name="frameCount"/>
      <SplitRegister separator=";">
        <SplitRegister separator=",">
          <PlayerChannelRef playerChannelId="player1_x"/>
          <PlayerChannelRef playerChannelId="player1_y"/>
        </SplitRegister>
        <SplitRegister separator=",">
          <PlayerChannelRef playerChannelId="player2_x"/>
          <PlayerChannelRef playerChannelId="player2_y"/>
        </SplitRegister>
        <SplitRegister separator=",">
          <PlayerChannelRef playerChannelId="player12_x"/>
          <PlayerChannelRef playerChannelId="player12_y"/>
        </SplitRegister>
        <SplitRegister separator=",">
          <PlayerChannelRef playerChannelId="player4_x"/>
          <PlayerChannelRef playerChannelId="player4_y"/>
        </SplitRegister>
        <SplitRegister separator=",">
          <PlayerChannelRef playerChannelId="player5_x"/>
          <PlayerChannelRef playerChannelId="player5_y"/>
        </SplitRegister>
        <SplitRegister separator=",">
          <PlayerChannelRef playerChannelId="player6_x"/>
          <PlayerChannelRef playerChannelId="player6_y"/>
        </SplitRegister>
        <SplitRegister separator=",">
          <PlayerChannelRef playerChannelId="player7_x"/>
          <PlayerChannelRef playerChannelId="player7_y"/>
        </SplitRegister>
        <SplitRegister separator=",">
          <PlayerChannelRef playerChannelId="player8_x"/>
          <PlayerChannelRef playerChannelId="player8_y"/>
        </SplitRegister>
        <SplitRegister separator=",">
          <PlayerChannelRef playerChannelId="player13_x"/>
          <PlayerChannelRef playerChannelId="player13_y"/>
        </SplitRegister>
        <SplitRegister separator=",">
          <PlayerChannelRef playerChannelId="player14_x"/>
          <PlayerChannelRef playerChannelId="player14_y"/>
        </SplitRegister>
        <SplitRegister separator=",">
          <PlayerChannelRef playerChannelId="player11_x"/>
          <PlayerChannelRef playerChannelId="player11_y"/>
        </SplitRegister>
        <SplitRegister separator=",">
          <PlayerChannelRef playerChannelId="player18_x"/>
          <PlayerChannelRef playerChannelId="player18_y"/>
        </SplitRegister>
        <SplitRegister separator=",">
          <PlayerChannelRef playerChannelId="player29_x"/>
          <PlayerChannelRef playerChannelId="player29_y"/>
        </SplitRegister>
        <SplitRegister separator=",">
          <PlayerChannelRef playerChannelId="player20_x"/>
          <PlayerChannelRef playerChannelId="player20_y"/>
        </SplitRegister>
        <SplitRegister separator=",">
          <PlayerChannelRef playerChannelId="player21_x"/>
          <PlayerChannelRef playerChannelId="player21_y"/>
        </SplitRegister>
        <SplitRegister separator=",">
          <PlayerChannelRef playerChannelId="player22_x"/>
          <PlayerChannelRef playerChannelId="player22_y"/>
        </SplitRegister>
        <SplitRegister separator=",">
          <PlayerChannelRef playerChannelId="player23_x"/>
          <PlayerChannelRef playerChannelId="player23_y"/>
        </SplitRegister>
        <SplitRegister separator=",">
          <PlayerChannelRef playerChannelId="player24_x"/>
          <PlayerChannelRef playerChannelId="player24_y"/>
        </SplitRegister>
        <SplitRegister separator=",">
          <PlayerChannelRef playerChannelId="player25_x"/>
          <PlayerChannelRef playerChannelId="player25_y"/>
        </SplitRegister>
        <SplitRegister separator=",">
          <PlayerChannelRef playerChannelId="player26_x"/>
          <PlayerChannelRef playerChannelId="player26_y"/>
        </SplitRegister>
        <SplitRegister separator=",">
          <PlayerChannelRef playerChannelId="player27_x"/>
          <PlayerChannelRef playerChannelId="player27_y"/>
        </SplitRegister>
        <SplitRegister separator=",">
          <PlayerChannelRef playerChannelId="player28_x"/>
          <PlayerChannelRef playerChannelId="player28_y"/>
        </SplitRegister>
      </SplitRegister>
      <SplitRegister separator=",">
        <BallChannelRef channelId="x"/>
        <BallChannelRef channelId="y"/>
      </SplitRegister>
    </DataFormatSpecification>
    <DataFormatSpecification endFrame="93835" separator=":" startFrame="93453">
      <StringRegister name="frameCount"/>
      <SplitRegister separator=";">
        <SplitRegister separator=",">
          <PlayerChannelRef playerChannelId="player1_x"/>
          <PlayerChannelRef playerChannelId="player1_y"/>
        </SplitRegister>
        <SplitRegister separator=",">
          <PlayerChannelRef playerChannelId="player2_x"/>
          <PlayerChannelRef playerChannelId="player2_y"/>
        </SplitRegister>
        <SplitRegister separator=",">
          <PlayerChannelRef playerChannelId="player12_x"/>
          <PlayerChannelRef playerChannelId="player12_y"/>
        </SplitRegister>
        <SplitRegister separator=",">
          <PlayerChannelRef playerChannelId="player4_x"/>
          <PlayerChannelRef playerChannelId="player4_y"/>
        </SplitRegister>
        <SplitRegister separator=",">
          <PlayerChannelRef playerChannelId="player5_x"/>
          <PlayerChannelRef playerChannelId="player5_y"/>
        </SplitRegister>
        <SplitRegister separator=",">
          <PlayerChannelRef playerChannelId="player6_x"/>
          <PlayerChannelRef playerChannelId="player6_y"/>
        </SplitRegister>
        <SplitRegister separator=",">
          <PlayerChannelRef playerChannelId="player7_x"/>
          <PlayerChannelRef playerChannelId="player7_y"/>
        </SplitRegister>
        <SplitRegister separator=",">
          <PlayerChannelRef playerChannelId="player8_x"/>
          <PlayerChannelRef playerChannelId="player8_y"/>
        </SplitRegister>
        <SplitRegister separator=",">
          <PlayerChannelRef playerChannelId="player13_x"/>
          <PlayerChannelRef playerChannelId="player13_y"/>
        </SplitRegister>
        <SplitRegister separator=",">
          <PlayerChannelRef playerChannelId="player14_x"/>
          <PlayerChannelRef playerChannelId="player14_y"/>
        </SplitRegister>
        <SplitRegister separator=",">
          <PlayerChannelRef playerChannelId="player11_x"/>
          <PlayerChannelRef playerChannelId="player11_y"/>
        </SplitRegister>
        <SplitRegister separator=",">
          <PlayerChannelRef playerChannelId="player18_x"/>
          <PlayerChannelRef playerChannelId="player18_y"/>
        </SplitRegister>
        <SplitRegister separator=",">
          <PlayerChannelRef playerChannelId="player29_x"/>
          <PlayerChannelRef playerChannelId="player29_y"/>
        </SplitRegister>
        <SplitRegister separator=",">
          <PlayerChannelRef playerChannelId="player20_x"/>
          <PlayerChannelRef playerChannelId="player20_y"/>
        </SplitRegister>
        <SplitRegister separator=",">
          <PlayerChannelRef playerChannelId="player21_x"/>
          <PlayerChannelRef playerChannelId="player21_y"/>
        </SplitRegister>
        <SplitRegister separator=",">
          <PlayerChannelRef playerChannelId="player22_x"/>
          <PlayerChannelRef playerChannelId="player22_y"/>
        </SplitRegister>
        <SplitRegister separator=",">
          <PlayerChannelRef playerChannelId="player23_x"/>
          <PlayerChannelRef playerChannelId="player23_y"/>
        </SplitRegister>
        <SplitRegister separator=",">
          <PlayerChannelRef playerChannelId="player24_x"/>
          <PlayerChannelRef playerChannelId="player24_y"/>
        </SplitRegister>
        <SplitRegister separator=",">
          <PlayerChannelRef playerChannelId="player25_x"/>
          <PlayerChannelRef playerChannelId="player25_y"/>
        </SplitRegister>
        <SplitRegister separator=",">
          <PlayerChannelRef playerChannelId="player31_x"/>
          <PlayerChannelRef playerChannelId="player31_y"/>
        </SplitRegister>
        <SplitRegister separator=",">
          <PlayerChannelRef playerChannelId="player27_x"/>
          <PlayerChannelRef playerChannelId="player27_y"/>
        </SplitRegister>
        <SplitRegister separator=",">
          <PlayerChannelRef playerChannelId="player28_x"/>
          <PlayerChannelRef playerChannelId="player28_y"/>
        </SplitRegister>
      </SplitRegister>
      <SplitRegister separator=",">
        <BallChannelRef channelId="x"/>
        <BallChannelRef channelId="y"/>
      </SplitRegister>
    </DataFormatSpecification>
    <DataFormatSpecification endFrame="94657" separator=":" startFrame="93836">
      <StringRegister name="frameCount"/>
      <SplitRegister separator=";">
        <SplitRegister separator=",">
          <PlayerChannelRef playerChannelId="player1_x"/>
          <PlayerChannelRef playerChannelId="player1_y"/>
        </SplitRegister>
        <SplitRegister separator=",">
          <PlayerChannelRef playerChannelId="player2_x"/>
          <PlayerChannelRef playerChannelId="player2_y"/>
        </SplitRegister>
        <SplitRegister separator=",">
          <PlayerChannelRef playerChannelId="player12_x"/>
          <PlayerChannelRef playerChannelId="player12_y"/>
        </SplitRegister>
        <SplitRegister separator=",">
          <PlayerChannelRef playerChannelId="player4_x"/>
          <PlayerChannelRef playerChannelId="player4_y"/>
        </SplitRegister>
        <SplitRegister separator=",">
          <PlayerChannelRef playerChannelId="player5_x"/>
          <PlayerChannelRef playerChannelId="player5_y"/>
        </SplitRegister>
        <SplitRegister separator=",">
          <PlayerChannelRef playerChannelId="player6_x"/>
          <PlayerChannelRef playerChannelId="player6_y"/>
        </SplitRegister>
        <SplitRegister separator=",">
          <PlayerChannelRef playerChannelId="player7_x"/>
          <PlayerChannelRef playerChannelId="player7_y"/>
        </SplitRegister>
        <SplitRegister separator=",">
          <PlayerChannelRef playerChannelId="player8_x"/>
          <PlayerChannelRef playerChannelId="player8_y"/>
        </SplitRegister>
        <SplitRegister separator=",">
          <PlayerChannelRef playerChannelId="player13_x"/>
          <PlayerChannelRef playerChannelId="player13_y"/>
        </SplitRegister>
        <SplitRegister separator=",">
          <PlayerChannelRef playerChannelId="player14_x"/>
          <PlayerChannelRef playerChannelId="player14_y"/>
        </SplitRegister>
        <SplitRegister separator=",">
          <PlayerChannelRef playerChannelId="player11_x"/>
          <PlayerChannelRef playerChannelId="player11_y"/>
        </SplitRegister>
        <SplitRegister separator=",">
          <PlayerChannelRef playerChannelId="player18_x"/>
          <PlayerChannelRef playerChannelId="player18_y"/>
        </SplitRegister>
        <SplitRegister separator=",">
          <PlayerChannelRef playerChannelId="player29_x"/>
          <PlayerChannelRef playerChannelId="player29_y"/>
        </SplitRegister>
        <SplitRegister separator=",">
          <PlayerChannelRef playerChannelId="player20_x"/>
          <PlayerChannelRef playerChannelId="player20_y"/>
        </SplitRegister>
        <SplitRegister separator=",">
          <PlayerChannelRef playerChannelId="player21_x"/>
          <PlayerChannelRef playerChannelId="player21_y"/>
        </SplitRegister>
        <SplitRegister separator=",">
          <PlayerChannelRef playerChannelId="player22_x"/>
          <PlayerChannelRef playerChannelId="player22_y"/>
        </SplitRegister>
        <SplitRegister separator=",">
          <PlayerChannelRef playerChannelId="player23_x"/>
          <PlayerChannelRef playerChannelId="player23_y"/>
        </SplitRegister>
        <SplitRegister separator=",">
          <PlayerChannelRef playerChannelId="player24_x"/>
          <PlayerChannelRef playerChannelId="player24_y"/>
        </SplitRegister>
        <SplitRegister separator=",">
          <PlayerChannelRef playerChannelId="player25_x"/>
          <PlayerChannelRef playerChannelId="player25_y"/>
        </SplitRegister>
        <SplitRegister separator=",">
          <PlayerChannelRef playerChannelId="player31_x"/>
          <PlayerChannelRef playerChannelId="player31_y"/>
        </SplitRegister>
        <SplitRegister separator=",">
          <PlayerChannelRef playerChannelId="player32_x"/>
          <PlayerChannelRef playerChannelId="player32_y"/>
        </SplitRegister>
        <SplitRegister separator=",">
          <PlayerChannelRef playerChannelId="player28_x"/>
          <PlayerChannelRef playerChannelId="player28_y"/>
        </SplitRegister>
      </SplitRegister>
      <SplitRegister separator=",">
        <BallChannelRef channelId="x"/>
        <BallChannelRef channelId="y"/>
      </SplitRegister>
    </DataFormatSpecification>
    <DataFormatSpecification endFrame="98472" separator=":" startFrame="94658">
      <StringRegister name="frameCount"/>
      <SplitRegister separator=";">
        <SplitRegister separator=",">
          <PlayerChannelRef playerChannelId="player1_x"/>
          <PlayerChannelRef playerChannelId="player1_y"/>
        </SplitRegister>
        <SplitRegister separator=",">
          <PlayerChannelRef playerChannelId="player2_x"/>
          <PlayerChannelRef playerChannelId="player2_y"/>
        </SplitRegister>
        <SplitRegister separator=",">
          <PlayerChannelRef playerChannelId="player12_x"/>
          <PlayerChannelRef playerChannelId="player12_y"/>
        </SplitRegister>
        <SplitRegister separator=",">
          <PlayerChannelRef playerChannelId="player4_x"/>
          <PlayerChannelRef playerChannelId="player4_y"/>
        </SplitRegister>
        <SplitRegister separator=",">
          <PlayerChannelRef playerChannelId="player5_x"/>
          <PlayerChannelRef playerChannelId="player5_y"/>
        </SplitRegister>
        <SplitRegister separator=",">
          <PlayerChannelRef playerChannelId="player6_x"/>
          <PlayerChannelRef playerChannelId="player6_y"/>
        </SplitRegister>
        <SplitRegister separator=",">
          <PlayerChannelRef playerChannelId="player7_x"/>
          <PlayerChannelRef playerChannelId="player7_y"/>
        </SplitRegister>
        <SplitRegister separator=",">
          <PlayerChannelRef playerChannelId="player8_x"/>
          <PlayerChannelRef playerChannelId="player8_y"/>
        </SplitRegister>
        <SplitRegister separator=",">
          <PlayerChannelRef playerChannelId="player13_x"/>
          <PlayerChannelRef playerChannelId="player13_y"/>
        </SplitRegister>
        <SplitRegister separator=",">
          <PlayerChannelRef playerChannelId="player14_x"/>
          <PlayerChannelRef playerChannelId="player14_y"/>
        </SplitRegister>
        <SplitRegister separator=",">
          <PlayerChannelRef playerChannelId="player11_x"/>
          <PlayerChannelRef playerChannelId="player11_y"/>
        </SplitRegister>
        <SplitRegister separator=",">
          <PlayerChannelRef playerChannelId="player18_x"/>
          <PlayerChannelRef playerChannelId="player18_y"/>
        </SplitRegister>
        <SplitRegister separator=",">
          <PlayerChannelRef playerChannelId="player29_x"/>
          <PlayerChannelRef playerChannelId="player29_y"/>
        </SplitRegister>
        <SplitRegister separator=",">
          <PlayerChannelRef playerChannelId="player20_x"/>
          <PlayerChannelRef playerChannelId="player20_y"/>
        </SplitRegister>
        <SplitRegister separator=",">
          <PlayerChannelRef playerChannelId="player21_x"/>
          <PlayerChannelRef playerChannelId="player21_y"/>
        </SplitRegister>
        <SplitRegister separator=",">
          <PlayerChannelRef playerChannelId="player22_x"/>
          <PlayerChannelRef playerChannelId="player22_y"/>
        </SplitRegister>
        <SplitRegister separator=",">
          <PlayerChannelRef playerChannelId="player23_x"/>
          <PlayerChannelRef playerChannelId="player23_y"/>
        </SplitRegister>
        <SplitRegister separator=",">
          <PlayerChannelRef playerChannelId="player30_x"/>
          <PlayerChannelRef playerChannelId="player30_y"/>
        </SplitRegister>
        <SplitRegister separator=",">
          <PlayerChannelRef playerChannelId="player25_x"/>
          <PlayerChannelRef playerChannelId="player25_y"/>
        </SplitRegister>
        <SplitRegister separator=",">
          <PlayerChannelRef playerChannelId="player31_x"/>
          <PlayerChannelRef playerChannelId="player31_y"/>
        </SplitRegister>
        <SplitRegister separator=",">
          <PlayerChannelRef playerChannelId="player32_x"/>
          <PlayerChannelRef playerChannelId="player32_y"/>
        </SplitRegister>
        <SplitRegister separator=",">
          <PlayerChannelRef playerChannelId="player28_x"/>
          <PlayerChannelRef playerChannelId="player28_y"/>
        </SplitRegister>
      </SplitRegister>
      <SplitRegister separator=",">
        <BallChannelRef channelId="x"/>
        <BallChannelRef channelId="y"/>
      </SplitRegister>
    </DataFormatSpecification>
    <DataFormatSpecification endFrame="102811" separator=":" startFrame="98473">
      <StringRegister name="frameCount"/>
      <SplitRegister separator=";">
        <SplitRegister separator=",">
          <PlayerChannelRef playerChannelId="player1_x"/>
          <PlayerChannelRef playerChannelId="player1_y"/>
        </SplitRegister>
        <SplitRegister separator=",">
          <PlayerChannelRef playerChannelId="player2_x"/>
          <PlayerChannelRef playerChannelId="player2_y"/>
        </SplitRegister>
        <SplitRegister separator=",">
          <PlayerChannelRef playerChannelId="player12_x"/>
          <PlayerChannelRef playerChannelId="player12_y"/>
        </SplitRegister>
        <SplitRegister separator=",">
          <PlayerChannelRef playerChannelId="player4_x"/>
          <PlayerChannelRef playerChannelId="player4_y"/>
        </SplitRegister>
        <SplitRegister separator=",">
          <PlayerChannelRef playerChannelId="player15_x"/>
          <PlayerChannelRef playerChannelId="player15_y"/>
        </SplitRegister>
        <SplitRegister separator=",">
          <PlayerChannelRef playerChannelId="player6_x"/>
          <PlayerChannelRef playerChannelId="player6_y"/>
        </SplitRegister>
        <SplitRegister separator=",">
          <PlayerChannelRef playerChannelId="player7_x"/>
          <PlayerChannelRef playerChannelId="player7_y"/>
        </SplitRegister>
        <SplitRegister separator=",">
          <PlayerChannelRef playerChannelId="player8_x"/>
          <PlayerChannelRef playerChannelId="player8_y"/>
        </SplitRegister>
        <SplitRegister separator=",">
          <PlayerChannelRef playerChannelId="player13_x"/>
          <PlayerChannelRef playerChannelId="player13_y"/>
        </SplitRegister>
        <SplitRegister separator=",">
          <PlayerChannelRef playerChannelId="player14_x"/>
          <PlayerChannelRef playerChannelId="player14_y"/>
        </SplitRegister>
        <SplitRegister separator=",">
          <PlayerChannelRef playerChannelId="player11_x"/>
          <PlayerChannelRef playerChannelId="player11_y"/>
        </SplitRegister>
        <SplitRegister separator=",">
          <PlayerChannelRef playerChannelId="player18_x"/>
          <PlayerChannelRef playerChannelId="player18_y"/>
        </SplitRegister>
        <SplitRegister separator=",">
          <PlayerChannelRef playerChannelId="player29_x"/>
          <PlayerChannelRef playerChannelId="player29_y"/>
        </SplitRegister>
        <SplitRegister separator=",">
          <PlayerChannelRef playerChannelId="player20_x"/>
          <PlayerChannelRef playerChannelId="player20_y"/>
        </SplitRegister>
        <SplitRegister separator=",">
          <PlayerChannelRef playerChannelId="player21_x"/>
          <PlayerChannelRef playerChannelId="player21_y"/>
        </SplitRegister>
        <SplitRegister separator=",">
          <PlayerChannelRef playerChannelId="player22_x"/>
          <PlayerChannelRef playerChannelId="player22_y"/>
        </SplitRegister>
        <SplitRegister separator=",">
          <PlayerChannelRef playerChannelId="player23_x"/>
          <PlayerChannelRef playerChannelId="player23_y"/>
        </SplitRegister>
        <SplitRegister separator=",">
          <PlayerChannelRef playerChannelId="player30_x"/>
          <PlayerChannelRef playerChannelId="player30_y"/>
        </SplitRegister>
        <SplitRegister separator=",">
          <PlayerChannelRef playerChannelId="player25_x"/>
          <PlayerChannelRef playerChannelId="player25_y"/>
        </SplitRegister>
        <SplitRegister separator=",">
          <PlayerChannelRef playerChannelId="player31_x"/>
          <PlayerChannelRef playerChannelId="player31_y"/>
        </SplitRegister>
        <SplitRegister separator=",">
          <PlayerChannelRef playerChannelId="player32_x"/>
          <PlayerChannelRef playerChannelId="player32_y"/>
        </SplitRegister>
        <SplitRegister separator=",">
          <PlayerChannelRef playerChannelId="player28_x"/>
          <PlayerChannelRef playerChannelId="player28_y"/>
        </SplitRegister>
      </SplitRegister>
      <SplitRegister separator=",">
        <BallChannelRef channelId="x"/>
        <BallChannelRef channelId="y"/>
      </SplitRegister>
    </DataFormatSpecification>
    <DataFormatSpecification endFrame="110298" separator=":" startFrame="102812">
      <StringRegister name="frameCount"/>
      <SplitRegister separator=";">
        <SplitRegister separator=",">
          <PlayerChannelRef playerChannelId="player1_x"/>
          <PlayerChannelRef playerChannelId="player1_y"/>
        </SplitRegister>
        <SplitRegister separator=",">
          <PlayerChannelRef playerChannelId="player2_x"/>
          <PlayerChannelRef playerChannelId="player2_y"/>
        </SplitRegister>
        <SplitRegister separator=",">
          <PlayerChannelRef playerChannelId="player12_x"/>
          <PlayerChannelRef playerChannelId="player12_y"/>
        </SplitRegister>
        <SplitRegister separator=",">
          <PlayerChannelRef playerChannelId="player4_x"/>
          <PlayerChannelRef playerChannelId="player4_y"/>
        </SplitRegister>
        <SplitRegister separator=",">
          <PlayerChannelRef playerChannelId="player15_x"/>
          <PlayerChannelRef playerChannelId="player15_y"/>
        </SplitRegister>
        <SplitRegister separator=",">
          <PlayerChannelRef playerChannelId="player6_x"/>
          <PlayerChannelRef playerChannelId="player6_y"/>
        </SplitRegister>
        <SplitRegister separator=",">
          <PlayerChannelRef playerChannelId="player7_x"/>
          <PlayerChannelRef playerChannelId="player7_y"/>
        </SplitRegister>
        <SplitRegister separator=",">
          <PlayerChannelRef playerChannelId="player16_x"/>
          <PlayerChannelRef playerChannelId="player16_y"/>
        </SplitRegister>
        <SplitRegister separator=",">
          <PlayerChannelRef playerChannelId="player13_x"/>
          <PlayerChannelRef playerChannelId="player13_y"/>
        </SplitRegister>
        <SplitRegister separator=",">
          <PlayerChannelRef playerChannelId="player14_x"/>
          <PlayerChannelRef playerChannelId="player14_y"/>
        </SplitRegister>
        <SplitRegister separator=",">
          <PlayerChannelRef playerChannelId="player11_x"/>
          <PlayerChannelRef playerChannelId="player11_y"/>
        </SplitRegister>
        <SplitRegister separator=",">
          <PlayerChannelRef playerChannelId="player18_x"/>
          <PlayerChannelRef playerChannelId="player18_y"/>
        </SplitRegister>
        <SplitRegister separator=",">
          <PlayerChannelRef playerChannelId="player29_x"/>
          <PlayerChannelRef playerChannelId="player29_y"/>
        </SplitRegister>
        <SplitRegister separator=",">
          <PlayerChannelRef playerChannelId="player20_x"/>
          <PlayerChannelRef playerChannelId="player20_y"/>
        </SplitRegister>
        <SplitRegister separator=",">
          <PlayerChannelRef playerChannelId="player21_x"/>
          <PlayerChannelRef playerChannelId="player21_y"/>
        </SplitRegister>
        <SplitRegister separator=",">
          <PlayerChannelRef playerChannelId="player22_x"/>
          <PlayerChannelRef playerChannelId="player22_y"/>
        </SplitRegister>
        <SplitRegister separator=",">
          <PlayerChannelRef playerChannelId="player23_x"/>
          <PlayerChannelRef playerChannelId="player23_y"/>
        </SplitRegister>
        <SplitRegister separator=",">
          <PlayerChannelRef playerChannelId="player30_x"/>
          <PlayerChannelRef playerChannelId="player30_y"/>
        </SplitRegister>
        <SplitRegister separator=",">
          <PlayerChannelRef playerChannelId="player25_x"/>
          <PlayerChannelRef playerChannelId="player25_y"/>
        </SplitRegister>
        <SplitRegister separator=",">
          <PlayerChannelRef playerChannelId="player31_x"/>
          <PlayerChannelRef playerChannelId="player31_y"/>
        </SplitRegister>
        <SplitRegister separator=",">
          <PlayerChannelRef playerChannelId="player32_x"/>
          <PlayerChannelRef playerChannelId="player32_y"/>
        </SplitRegister>
        <SplitRegister separator=",">
          <PlayerChannelRef playerChannelId="player28_x"/>
          <PlayerChannelRef playerChannelId="player28_y"/>
        </SplitRegister>
      </SplitRegister>
      <SplitRegister separator=",">
        <BallChannelRef channelId="x"/>
        <BallChannelRef channelId="y"/>
      </SplitRegister>
    </DataFormatSpecification>
    <DataFormatSpecification endFrame="120212" separator=":" startFrame="110299">
      <StringRegister name="frameCount"/>
      <SplitRegister separator=";">
        <SplitRegister separator=",">
          <PlayerChannelRef playerChannelId="player1_x"/>
          <PlayerChannelRef playerChannelId="player1_y"/>
        </SplitRegister>
        <SplitRegister separator=",">
          <PlayerChannelRef playerChannelId="player2_x"/>
          <PlayerChannelRef playerChannelId="player2_y"/>
        </SplitRegister>
        <SplitRegister separator=",">
          <PlayerChannelRef playerChannelId="player12_x"/>
          <PlayerChannelRef playerChannelId="player12_y"/>
        </SplitRegister>
        <SplitRegister separator=",">
          <PlayerChannelRef playerChannelId="player4_x"/>
          <PlayerChannelRef playerChannelId="player4_y"/>
        </SplitRegister>
        <SplitRegister separator=",">
          <PlayerChannelRef playerChannelId="player15_x"/>
          <PlayerChannelRef playerChannelId="player15_y"/>
        </SplitRegister>
        <SplitRegister separator=",">
          <PlayerChannelRef playerChannelId="player6_x"/>
          <PlayerChannelRef playerChannelId="player6_y"/>
        </SplitRegister>
        <SplitRegister separator=",">
          <PlayerChannelRef playerChannelId="player7_x"/>
          <PlayerChannelRef playerChannelId="player7_y"/>
        </SplitRegister>
        <SplitRegister separator=",">
          <PlayerChannelRef playerChannelId="player16_x"/>
          <PlayerChannelRef playerChannelId="player16_y"/>
        </SplitRegister>
        <SplitRegister separator=",">
          <PlayerChannelRef playerChannelId="player13_x"/>
          <PlayerChannelRef playerChannelId="player13_y"/>
        </SplitRegister>
        <SplitRegister separator=",">
          <PlayerChannelRef playerChannelId="player14_x"/>
          <PlayerChannelRef playerChannelId="player14_y"/>
        </SplitRegister>
        <SplitRegister separator=",">
          <PlayerChannelRef playerChannelId="player11_x"/>
          <PlayerChannelRef playerChannelId="player11_y"/>
        </SplitRegister>
        <SplitRegister separator=",">
          <PlayerChannelRef playerChannelId="player18_x"/>
          <PlayerChannelRef playerChannelId="player18_y"/>
        </SplitRegister>
        <SplitRegister separator=",">
          <PlayerChannelRef playerChannelId="player29_x"/>
          <PlayerChannelRef playerChannelId="player29_y"/>
        </SplitRegister>
        <SplitRegister separator=",">
          <PlayerChannelRef playerChannelId="player33_x"/>
          <PlayerChannelRef playerChannelId="player33_y"/>
        </SplitRegister>
        <SplitRegister separator=",">
          <PlayerChannelRef playerChannelId="player21_x"/>
          <PlayerChannelRef playerChannelId="player21_y"/>
        </SplitRegister>
        <SplitRegister separator=",">
          <PlayerChannelRef playerChannelId="player22_x"/>
          <PlayerChannelRef playerChannelId="player22_y"/>
        </SplitRegister>
        <SplitRegister separator=",">
          <PlayerChannelRef playerChannelId="player23_x"/>
          <PlayerChannelRef playerChannelId="player23_y"/>
        </SplitRegister>
        <SplitRegister separator=",">
          <PlayerChannelRef playerChannelId="player30_x"/>
          <PlayerChannelRef playerChannelId="player30_y"/>
        </SplitRegister>
        <SplitRegister separator=",">
          <PlayerChannelRef playerChannelId="player25_x"/>
          <PlayerChannelRef playerChannelId="player25_y"/>
        </SplitRegister>
        <SplitRegister separator=",">
          <PlayerChannelRef playerChannelId="player31_x"/>
          <PlayerChannelRef playerChannelId="player31_y"/>
        </SplitRegister>
        <SplitRegister separator=",">
          <PlayerChannelRef playerChannelId="player32_x"/>
          <PlayerChannelRef playerChannelId="player32_y"/>
        </SplitRegister>
        <SplitRegister separator=",">
          <PlayerChannelRef playerChannelId="player34_x"/>
          <PlayerChannelRef playerChannelId="player34_y"/>
        </SplitRegister>
      </SplitRegister>
      <SplitRegister separator=",">
        <BallChannelRef channelId="x"/>
        <BallChannelRef channelId="y"/>
      </SplitRegister>
    </DataFormatSpecification>
    <DataFormatSpecification endFrame="129831" separator=":" startFrame="120213">
      <StringRegister name="frameCount"/>
      <SplitRegister separator=";">
        <SplitRegister separator=",">
          <PlayerChannelRef playerChannelId="player1_x"/>
          <PlayerChannelRef playerChannelId="player1_y"/>
        </SplitRegister>
        <SplitRegister separator=",">
          <PlayerChannelRef playerChannelId="player2_x"/>
          <PlayerChannelRef playerChannelId="player2_y"/>
        </SplitRegister>
        <SplitRegister separator=",">
          <PlayerChannelRef playerChannelId="player12_x"/>
          <PlayerChannelRef playerChannelId="player12_y"/>
        </SplitRegister>
        <SplitRegister separator=",">
          <PlayerChannelRef playerChannelId="player4_x"/>
          <PlayerChannelRef playerChannelId="player4_y"/>
        </SplitRegister>
        <SplitRegister separator=",">
          <PlayerChannelRef playerChannelId="player15_x"/>
          <PlayerChannelRef playerChannelId="player15_y"/>
        </SplitRegister>
        <SplitRegister separator=",">
          <PlayerChannelRef playerChannelId="player6_x"/>
          <PlayerChannelRef playerChannelId="player6_y"/>
        </SplitRegister>
        <SplitRegister separator=",">
          <PlayerChannelRef playerChannelId="player7_x"/>
          <PlayerChannelRef playerChannelId="player7_y"/>
        </SplitRegister>
        <SplitRegister separator=",">
          <PlayerChannelRef playerChannelId="player16_x"/>
          <PlayerChannelRef playerChannelId="player16_y"/>
        </SplitRegister>
        <SplitRegister separator=",">
          <PlayerChannelRef playerChannelId="player13_x"/>
          <PlayerChannelRef playerChannelId="player13_y"/>
        </SplitRegister>
        <SplitRegister separator=",">
          <PlayerChannelRef playerChannelId="player14_x"/>
          <PlayerChannelRef playerChannelId="player14_y"/>
        </SplitRegister>
        <SplitRegister separator=",">
          <PlayerChannelRef playerChannelId="player11_x"/>
          <PlayerChannelRef playerChannelId="player11_y"/>
        </SplitRegister>
        <SplitRegister separator=",">
          <PlayerChannelRef playerChannelId="player18_x"/>
          <PlayerChannelRef playerChannelId="player18_y"/>
        </SplitRegister>
        <SplitRegister separator=",">
          <PlayerChannelRef playerChannelId="player29_x"/>
          <PlayerChannelRef playerChannelId="player29_y"/>
        </SplitRegister>
        <SplitRegister separator=",">
          <PlayerChannelRef playerChannelId="player33_x"/>
          <PlayerChannelRef playerChannelId="player33_y"/>
        </SplitRegister>
        <SplitRegister separator=",">
          <PlayerChannelRef playerChannelId="player21_x"/>
          <PlayerChannelRef playerChannelId="player21_y"/>
        </SplitRegister>
        <SplitRegister separator=",">
          <PlayerChannelRef playerChannelId="player35_x"/>
          <PlayerChannelRef playerChannelId="player35_y"/>
        </SplitRegister>
        <SplitRegister separator=",">
          <PlayerChannelRef playerChannelId="player23_x"/>
          <PlayerChannelRef playerChannelId="player23_y"/>
        </SplitRegister>
        <SplitRegister separator=",">
          <PlayerChannelRef playerChannelId="player30_x"/>
          <PlayerChannelRef playerChannelId="player30_y"/>
        </SplitRegister>
        <SplitRegister separator=",">
          <PlayerChannelRef playerChannelId="player25_x"/>
          <PlayerChannelRef playerChannelId="player25_y"/>
        </SplitRegister>
        <SplitRegister separator=",">
          <PlayerChannelRef playerChannelId="player31_x"/>
          <PlayerChannelRef playerChannelId="player31_y"/>
        </SplitRegister>
        <SplitRegister separator=",">
          <PlayerChannelRef playerChannelId="player32_x"/>
          <PlayerChannelRef playerChannelId="player32_y"/>
        </SplitRegister>
        <SplitRegister separator=",">
          <PlayerChannelRef playerChannelId="player34_x"/>
          <PlayerChannelRef playerChannelId="player34_y"/>
        </SplitRegister>
      </SplitRegister>
      <SplitRegister separator=",">
        <BallChannelRef channelId="x"/>
        <BallChannelRef channelId="y"/>
      </SplitRegister>
    </DataFormatSpecification>
    <DataFormatSpecification endFrame="143761" separator=":" startFrame="129832">
      <StringRegister name="frameCount"/>
      <SplitRegister separator=";">
        <SplitRegister separator=",">
          <PlayerChannelRef playerChannelId="player1_x"/>
          <PlayerChannelRef playerChannelId="player1_y"/>
        </SplitRegister>
        <SplitRegister separator=",">
          <PlayerChannelRef playerChannelId="player17_x"/>
          <PlayerChannelRef playerChannelId="player17_y"/>
        </SplitRegister>
        <SplitRegister separator=",">
          <PlayerChannelRef playerChannelId="player12_x"/>
          <PlayerChannelRef playerChannelId="player12_y"/>
        </SplitRegister>
        <SplitRegister separator=",">
          <PlayerChannelRef playerChannelId="player4_x"/>
          <PlayerChannelRef playerChannelId="player4_y"/>
        </SplitRegister>
        <SplitRegister separator=",">
          <PlayerChannelRef playerChannelId="player15_x"/>
          <PlayerChannelRef playerChannelId="player15_y"/>
        </SplitRegister>
        <SplitRegister separator=",">
          <PlayerChannelRef playerChannelId="player6_x"/>
          <PlayerChannelRef playerChannelId="player6_y"/>
        </SplitRegister>
        <SplitRegister separator=",">
          <PlayerChannelRef playerChannelId="player7_x"/>
          <PlayerChannelRef playerChannelId="player7_y"/>
        </SplitRegister>
        <SplitRegister separator=",">
          <PlayerChannelRef playerChannelId="player16_x"/>
          <PlayerChannelRef playerChannelId="player16_y"/>
        </SplitRegister>
        <SplitRegister separator=",">
          <PlayerChannelRef playerChannelId="player13_x"/>
          <PlayerChannelRef playerChannelId="player13_y"/>
        </SplitRegister>
        <SplitRegister separator=",">
          <PlayerChannelRef playerChannelId="player14_x"/>
          <PlayerChannelRef playerChannelId="player14_y"/>
        </SplitRegister>
        <SplitRegister separator=",">
          <PlayerChannelRef playerChannelId="player11_x"/>
          <PlayerChannelRef playerChannelId="player11_y"/>
        </SplitRegister>
        <SplitRegister separator=",">
          <PlayerChannelRef playerChannelId="player18_x"/>
          <PlayerChannelRef playerChannelId="player18_y"/>
        </SplitRegister>
        <SplitRegister separator=",">
          <PlayerChannelRef playerChannelId="player29_x"/>
          <PlayerChannelRef playerChannelId="player29_y"/>
        </SplitRegister>
        <SplitRegister separator=",">
          <PlayerChannelRef playerChannelId="player33_x"/>
          <PlayerChannelRef playerChannelId="player33_y"/>
        </SplitRegister>
        <SplitRegister separator=",">
          <PlayerChannelRef playerChannelId="player21_x"/>
          <PlayerChannelRef playerChannelId="player21_y"/>
        </SplitRegister>
        <SplitRegister separator=",">
          <PlayerChannelRef playerChannelId="player35_x"/>
          <PlayerChannelRef playerChannelId="player35_y"/>
        </SplitRegister>
        <SplitRegister separator=",">
          <PlayerChannelRef playerChannelId="player23_x"/>
          <PlayerChannelRef playerChannelId="player23_y"/>
        </SplitRegister>
        <SplitRegister separator=",">
          <PlayerChannelRef playerChannelId="player30_x"/>
          <PlayerChannelRef playerChannelId="player30_y"/>
        </SplitRegister>
        <SplitRegister separator=",">
          <PlayerChannelRef playerChannelId="player25_x"/>
          <PlayerChannelRef playerChannelId="player25_y"/>
        </SplitRegister>
        <SplitRegister separator=",">
          <PlayerChannelRef playerChannelId="player31_x"/>
          <PlayerChannelRef playerChannelId="player31_y"/>
        </SplitRegister>
        <SplitRegister separator=",">
          <PlayerChannelRef playerChannelId="player32_x"/>
          <PlayerChannelRef playerChannelId="player32_y"/>
        </SplitRegister>
        <SplitRegister separator=",">
          <PlayerChannelRef playerChannelId="player34_x"/>
          <PlayerChannelRef playerChannelId="player34_y"/>
        </SplitRegister>
      </SplitRegister>
      <SplitRegister separator=",">
        <BallChannelRef channelId="x"/>
        <BallChannelRef channelId="y"/>
      </SplitRegister>
    </DataFormatSpecification>
  </DataFormatSpecifications>
</main>
